{
    "box_0": {
        "2d_bbox": [
            242.7139,
            697.3862,
            362.7383,
            768.8072
        ],
        "3d_points": [
            [
                42.32029561863728,
                15.118690610674955,
                -1.83725
            ],
            [
                38.820298371814374,
                15.114300595633807,
                -1.83725
            ],
            [
                38.81840439389662,
                16.624299407834545,
                -1.83725
            ],
            [
                42.31840164071953,
                16.628689422875695,
                -1.83725
            ],
            [
                42.32029561863728,
                15.118690610674955,
                -0.3072499999999999
            ],
            [
                38.820298371814374,
                15.114300595633807,
                -0.3072499999999999
            ],
            [
                38.81840439389662,
                16.624299407834545,
                -0.3072499999999999
            ],
            [
                42.31840164071953,
                16.628689422875695,
                -0.3072499999999999
            ]
        ],
        "alpha": 0.0,
        "axis": [
            0.0,
            0.0,
            -1.0
        ],
        "center": [
            40.56935000626695,
            15.871495009254751,
            -1.07225
        ],
        "class": "Car",
        "id": 0,
        "occlusion": 1.0,
        "rot_angle": 3.1403383632491524,
        "size": [
            3.5,
            1.51,
            1.53
        ],
        "truncation": 0.0
    },
    "box_1": {
        "2d_bbox": [
            961.6681,
            581.6575,
            1091.038,
            762.5726
        ],
        "3d_points": [
            [
                39.561749999999996,
                0.08665000000000012,
                -1.73205
            ],
            [
                45.26175,
                0.08665000000000012,
                -1.73205
            ],
            [
                45.26175,
                -2.9433499999999997,
                -1.73205
            ],
            [
                39.561749999999996,
                -2.9433499999999997,
                -1.73205
            ],
            [
                39.561749999999996,
                0.08665000000000012,
                2.2779499999999997
            ],
            [
                45.26175,
                0.08665000000000012,
                2.2779499999999997
            ],
            [
                45.26175,
                -2.9433499999999997,
                2.2779499999999997
            ],
            [
                39.561749999999996,
                -2.9433499999999997,
                2.2779499999999997
            ]
        ],
        "alpha": 0.0,
        "axis": [
            1.0,
            0.0,
            0.0
        ],
        "center": [
            42.41175,
            -1.4283499999999998,
            0.27294999999999986
        ],
        "class": "Truck",
        "id": 1,
        "occlusion": 0.0,
        "rot_angle": 0.0,
        "size": [
            5.7,
            3.03,
            4.01
        ],
        "truncation": 0.0
    },
    "box_2": {
        "2d_bbox": [
            1254.804,
            708.4572,
            1562.439,
            840.2748
        ],
        "3d_points": [
            [
                21.053772111697242,
                -6.347725361376922,
                -1.8489999510890143
            ],
            [
                23.997147776729356,
                -3.5367753983756622,
                -1.8490000030678393
            ],
            [
                25.274852305366288,
                -4.874673427935712,
                -1.8490000489109852
            ],
            [
                22.331476640334177,
                -7.685623390936971,
                -1.8489999969321604
            ],
            [
                21.053772151486314,
                -6.3477253751182365,
                -0.3389999510890148
            ],
            [
                23.997147816518424,
                -3.536775412116977,
                -0.33900000306783984
            ],
            [
                25.27485234515536,
                -4.874673441677027,
                -0.3390000489109858
            ],
            [
                22.331476680123245,
                -7.685623404678287,
                -0.3389999969321609
            ]
        ],
        "alpha": 0.0,
        "axis": [
            2.4527788077919052e-08,
            2.4527788077919052e-08,
            0.9999999999999994
        ],
        "center": [
            23.1643122284263,
            -5.611199401526974,
            -1.094
        ],
        "class": "Car",
        "id": 2,
        "occlusion": 1.0,
        "rot_angle": 0.7623889803846876,
        "size": [
            4.07,
            1.8499999999999999,
            1.51
        ],
        "truncation": 0.0
    }
}